{
  "response": {
    "body": {
      "MWName": [
        {
          "CanEditOrDelete": false,
          "CanRenMW": false,
          "IsDefault": false,
          "IsSelect": "Y",
          "MwatchName": "NIFTY50",
          "ScripCount": 50
        },
        {
          "CanEditOrDelete": false,
          "CanRenMW": false,
          "IsDefault": false,
          "IsSelect": "N",
          "MwatchName": "GAINERS",
          "ScripCount": 20
        },
        {
          "CanEditOrDelete": false,
          "CanRenMW": false,
          "IsDefault": false,
          "IsSelect": "N",
          "MwatchName": "LOSERS",
          "ScripCount": 20
        },
        {
          "CanEditOrDelete": false,
          "CanRenMW": false,
          "IsDefault": true,
          "IsSelect": "Y",
          "MwatchName": "MY STOCKS",
          "ScripCount": 2
        },
        {
          "CanEditOrDelete": true,
          "CanRenMW": true,
          "IsDefault": false,
          "IsSelect": "Y",
          "MwatchName": "MY WATCHLIST",
          "ScripCount": 9
        },
        {
          "CanEditOrDelete": false,
          "CanRenMW": false,
          "IsDefault": false,
          "IsSelect": "Y",
          "MwatchName": "RECENTVIEWED",
          "ScripCount": 0
        },
        {
          "CanEditOrDelete": true,
          "CanRenMW": true,
          "IsDefault": false,
          "IsSelect": "Y",
          "MwatchName": "WATCHLIST2",
          "ScripCount": 1
        },
        {
          "CanEditOrDelete": true,
          "CanRenMW": true,
          "IsDefault": false,
          "IsSelect": "Y",
          "MwatchName": "WATCHLIST3",
          "ScripCount": 0
        }
      ]
    },
    "head": {
      "responseCode": "5PDecGMWRVMW3",
      "status": "0",
      "statusDescription": "Success"
    }
  },
  "watchlist2Data": {
    "BestAsk": 103.7,
    "BestBid": 103.12,
    "DayHigh": 108,
    "DayLow": 102,
    "EPS": 0,
    "Exch": "B",
    "ExchType": "C",
    "FullName": "MERCURY EV-TECH LIMITED",
    "High52Week": 0,
    "IndexId": 0,
    "LastTradePrice": 103.12,
    "LastTradeTime": "/Date(1726722512000+0530)/",
    "Low52Week": 0,
    "Month": 0,
    "Name": "MERCURYEV",
    "NseBseCode": 0,
    "Open": 105,
    "PClose": 104.82,
    "Quarter": 0,
    "ScripCode": 531357,
    "ShortName": "MERCURYEV",
    "Volume": 456344,
    "Year": 0
  },
  "Data": [
    {
      "BestAsk": 1480,
      "BestBid": 1479.2,
      "DayHigh": 1480,
      "DayLow": 1418.3,
      "EPS": 0,
      "Exch": "N",
      "ExchType": "C",
      "FullName": "APL APOLLO TUBES LTD",
      "High52Week": 0,
      "IndexId": 0,
      "LastTradePrice": 1480,
      "LastTradeTime": "/Date(1727171869000+0530)/",
      "Low52Week": 0,
      "Month": 0,
      "Name": "APLAPOLLO",
      "NseBseCode": 533758,
      "Open": 1428.85,
      "PClose": 1425.85,
      "Quarter": 0,
      "ScripCode": 25780,
      "ShortName": "APLAPOLLO",
      "Volume": 704299,
      "Year": 0
    },
    {
      "BestAsk": 529.05,
      "BestBid": 528.6,
      "DayHigh": 530.45,
      "DayLow": 517.9,
      "EPS": 0,
      "Exch": "B",
      "ExchType": "C",
      "FullName": "APOLLO TYRES LTD.",
      "High52Week": 0,
      "IndexId": 0,
      "LastTradePrice": 529.05,
      "LastTradeTime": "/Date(1727171870000+0530)/",
      "Low52Week": 0,
      "Month": 0,
      "Name": "APOLLOTYRE",
      "NseBseCode": 163,
      "Open": 521.7,
      "PClose": 520.05,
      "Quarter": 0,
      "ScripCode": 500877,
      "ShortName": "APOLLOTYRE",
      "Volume": 125595,
      "Year": 0
    },
    {
      "BestAsk": 281.55,
      "BestBid": 281.35,
      "DayHigh": 283.4,
      "DayLow": 272.35,
      "EPS": 0,
      "Exch": "B",
      "ExchType": "C",
      "FullName": "BHARAT HEAVY ELECTRICALS LTD.",
      "High52Week": 0,
      "IndexId": 0,
      "LastTradePrice": 281.35,
      "LastTradeTime": "/Date(1727171868000+0530)/",
      "Low52Week": 0,
      "Month": 0,
      "Name": "BHEL",
      "NseBseCode": 438,
      "Open": 275,
      "PClose": 274.15,
      "Quarter": 0,
      "ScripCode": 500103,
      "ShortName": "BHEL",
      "Volume": 788817,
      "Year": 0
    },
    {
      "BestAsk": 3020,
      "BestBid": 3018.65,
      "DayHigh": 3020,
      "DayLow": 2918,
      "EPS": 0,
      "Exch": "N",
      "ExchType": "C",
      "FullName": "CEAT LIMITED",
      "High52Week": 0,
      "IndexId": 0,
      "LastTradePrice": 3020,
      "LastTradeTime": "/Date(1727171868000+0530)/",
      "Low52Week": 0,
      "Month": 0,
      "Name": "CEATLTD",
      "NseBseCode": 500878,
      "Open": 2939.4,
      "PClose": 2933.65,
      "Quarter": 0,
      "ScripCode": 15254,
      "ShortName": "CEATLTD",
      "Volume": 194409,
      "Year": 0
    },
    {
      "BestAsk": 45.25,
      "BestBid": 45.23,
      "DayHigh": 45.8,
      "DayLow": 44.12,
      "EPS": 0,
      "Exch": "N",
      "ExchType": "C",
      "FullName": "HINDUSTAN CONSTRUCTION CO",
      "High52Week": 0,
      "IndexId": 0,
      "LastTradePrice": 45.23,
      "LastTradeTime": "/Date(1727171866000+0530)/",
      "Low52Week": 0,
      "Month": 0,
      "Name": "HCC",
      "NseBseCode": 500185,
      "Open": 44.62,
      "PClose": 44.62,
      "Quarter": 0,
      "ScripCode": 1375,
      "ShortName": "HCC",
      "Volume": 18357365,
      "Year": 0
    }
  ],
  "fnoWatchlistData": [
    {
      "isDefault": "true",
      "watchlistName": "NIFTY"
    },
    {
      "isDefault": "false",
      "watchlistName": "BANK_NIFTY"
    }
  ],
  "MarketWatchName": "MY WATCHLIST",
  "Message": "",
  "Status": 0
}
